{"name":"Untitled","created":"2018-10-10T04:15:29.717Z","settings":{"physics":{"gravity":[0,-9.8,0]},"render":{"fog_end":1000,"tonemapping":0,"skybox":null,"fog_density":0.01,"gamma_correction":1,"exposure":1,"fog_start":1,"global_ambient":[0.2,0.2,0.2],"skyboxIntensity":1,"fog_color":[0,0,0],"lightmapMode":1,"fog":"none","lightmapMaxResolution":2048,"skyboxMip":0,"lightmapSizeMultiplier":16}},"entities":{"1f70fd99-cc43-11e8-97ae-026349a27a7c":{"position":[2,2,-2],"scale":[1,1,1],"name":"Light","parent":"1f70fd97-cc43-11e8-97ae-026349a27a7c","resource_id":"1f70fd99-cc43-11e8-97ae-026349a27a7c","components":{"light":{"vsmBlurSize":11,"normalOffsetBias":0.05,"color":[1,1,1],"outerConeAngle":45,"castShadows":true,"intensity":1,"bakeDir":true,"cookieAngle":0,"cookieChannel":"rgb","innerConeAngle":40,"bake":false,"falloffMode":0,"cookieIntensity":1,"vsmBias":0.01,"vsmBlurMode":1,"type":"directional","cookieFalloff":true,"isStatic":false,"shadowUpdateMode":2,"cookieScale":[1,1],"affectLightmapped":false,"shadowBias":0.2,"affectDynamic":true,"cookieAsset":null,"cookieOffset":[0,0],"shadowResolution":1024,"enabled":true,"range":8,"shadowDistance":16,"shadowType":0,"layers":[0]}},"rotation":[-45,135,0],"tags":[],"enabled":true,"children":[]},"1f70fd9b-cc43-11e8-97ae-026349a27a7c":{"position":[0,0,0],"scale":[39.00476884894104,4.87559610611763,39.00476884894104],"name":"Ground","parent":"1f70fd97-cc43-11e8-97ae-026349a27a7c","resource_id":"1f70fd9b-cc43-11e8-97ae-026349a27a7c","components":{"model":{"isStatic":false,"castShadows":true,"castShadowsLightmap":true,"lightmapped":false,"materialAsset":14809396,"receiveShadows":true,"enabled":true,"castShadowsLightMap":false,"asset":null,"type":"plane","lightmapSizeMultiplier":1,"batchGroupId":null,"layers":[0]},"collision":{"enabled":true,"type":"box","halfExtents":[20,0.1,20],"radius":0.5,"axis":1,"height":2,"asset":null}},"rotation":[0,0,0],"tags":[],"enabled":true,"children":[]},"1f70fd97-cc43-11e8-97ae-026349a27a7c":{"position":[0,0,0],"scale":[1,1,1],"name":"Root","parent":null,"resource_id":"1f70fd97-cc43-11e8-97ae-026349a27a7c","components":{},"rotation":[0,0,0],"tags":[],"enabled":true,"children":["1f70fd98-cc43-11e8-97ae-026349a27a7c","1f70fd99-cc43-11e8-97ae-026349a27a7c","1f70fd9b-cc43-11e8-97ae-026349a27a7c","840d3d64-e4a0-4e3b-8e96-98a17ea11bf1"]},"1f70fd98-cc43-11e8-97ae-026349a27a7c":{"position":[-3.552713678800501e-14,9.811905094204093,7.3600438698278],"scale":[1,1,1],"name":"Camera","parent":"1f70fd97-cc43-11e8-97ae-026349a27a7c","resource_id":"1f70fd98-cc43-11e8-97ae-026349a27a7c","components":{"camera":{"projection":0,"farClip":1000,"clearColorBuffer":true,"priority":0,"fov":45,"clearDepthBuffer":true,"frustumCulling":true,"clearColor":[0.118,0.118,0.118,1],"enabled":true,"orthoHeight":4,"nearClip":0.1,"rect":[0,0,1,1],"layers":[0,1,2,3,4]}},"rotation":[-45,0,0],"tags":[],"enabled":true,"children":[]},"840d3d64-e4a0-4e3b-8e96-98a17ea11bf1":{"name":"UI","tags":[],"enabled":true,"resource_id":"840d3d64-e4a0-4e3b-8e96-98a17ea11bf1","parent":"1f70fd97-cc43-11e8-97ae-026349a27a7c","children":["f2f1ee95-eccc-40bb-970c-3e9e7509066a"],"position":[0,12.243317608674872,3.9594662189483643],"rotation":[0,0,0],"scale":[1,1,1],"components":{"script":{"enabled":true,"order":[],"scripts":{}}}},"f2f1ee95-eccc-40bb-970c-3e9e7509066a":{"name":"MainScreen","tags":[],"enabled":true,"resource_id":"f2f1ee95-eccc-40bb-970c-3e9e7509066a","parent":"840d3d64-e4a0-4e3b-8e96-98a17ea11bf1","children":["ca13968b-8514-45fc-b87b-a7f072e51633","116ee5cf-a39c-46d6-8d17-99c897e5b4db"],"position":[0,0,0],"rotation":[0,0,0],"scale":[1,1,1],"components":{"screen":{"enabled":true,"resolution":[720,1280],"referenceResolution":[750,1334],"screenSpace":true,"scaleMode":"blend","scaleBlend":0.5},"script":{"enabled":true,"order":["tennisUI"],"scripts":{"tennisUI":{"enabled":true,"attributes":{"ArrowUI":"bd2074d4-2a3f-4fc1-97a6-bf8079fefa9a","ArrowAngleText":"116ee5cf-a39c-46d6-8d17-99c897e5b4db"}}}}}},"ca13968b-8514-45fc-b87b-a7f072e51633":{"name":"ArrowContainer","tags":[],"enabled":true,"resource_id":"ca13968b-8514-45fc-b87b-a7f072e51633","parent":"f2f1ee95-eccc-40bb-970c-3e9e7509066a","children":["bd2074d4-2a3f-4fc1-97a6-bf8079fefa9a"],"position":[0,0,0],"rotation":[0,0,0],"scale":[1,1,1],"components":{"element":{"enabled":true,"type":"group","anchor":[0.5,0.5,0.5,0.5],"pivot":[0.5,0.5],"text":"","key":null,"fontAsset":16413779,"fontSize":32,"lineHeight":32,"wrapLines":true,"spacing":1,"color":[1,1,1],"opacity":1,"textureAsset":null,"spriteAsset":null,"spriteFrame":0,"pixelsPerUnit":null,"width":300,"height":300,"margin":[-150,-150,-150,-150],"alignment":[0.5,0.5],"rect":[0,0,1,1],"materialAsset":null,"autoWidth":false,"autoHeight":false,"useInput":false,"batchGroupId":null,"mask":false,"layers":[4],"outlineColor":[0,0,0,1],"outlineThickness":0,"shadowColor":[0,0,0,1],"shadowOffset":[0,0],"autoFitWidth":false,"autoFitHeight":false,"maxLines":null,"minFontSize":8,"maxFontSize":32}}},"bd2074d4-2a3f-4fc1-97a6-bf8079fefa9a":{"name":"ArrowImage","tags":[],"enabled":true,"resource_id":"bd2074d4-2a3f-4fc1-97a6-bf8079fefa9a","parent":"ca13968b-8514-45fc-b87b-a7f072e51633","children":[],"position":[0,0,0],"rotation":[0,0,0],"scale":[1,1,1],"components":{"element":{"enabled":true,"type":"image","anchor":[0.5,0.5,0.5,0.5],"pivot":[0.5,0.5],"text":"","key":null,"fontAsset":16413779,"fontSize":32,"lineHeight":32,"wrapLines":true,"spacing":1,"color":[0.9176470588235294,1,0],"opacity":1,"textureAsset":17741416,"spriteAsset":null,"spriteFrame":0,"pixelsPerUnit":null,"width":512,"height":512,"margin":[-256,-256,-256,-256],"alignment":[0.5,0.5],"rect":[0,0,1,1],"materialAsset":null,"autoWidth":false,"autoHeight":false,"useInput":false,"batchGroupId":null,"mask":false,"layers":[4],"outlineColor":[0,0,0,1],"outlineThickness":0,"shadowColor":[0,0,0,1],"shadowOffset":[0,0],"autoFitWidth":false,"autoFitHeight":false,"maxLines":null,"minFontSize":8,"maxFontSize":32}}},"116ee5cf-a39c-46d6-8d17-99c897e5b4db":{"name":"Text","tags":[],"enabled":true,"resource_id":"116ee5cf-a39c-46d6-8d17-99c897e5b4db","parent":"f2f1ee95-eccc-40bb-970c-3e9e7509066a","children":[],"position":[0,370.5389187063133,-0.00000286102294921875],"rotation":[0,0,0],"scale":[1,1,1],"components":{"element":{"enabled":true,"type":"text","anchor":[0.5,0.5,0.5,0.5],"pivot":[0.5,0.5],"text":"Text","key":null,"fontAsset":17741419,"fontSize":100,"minFontSize":8,"maxFontSize":32,"autoFitWidth":false,"autoFitHeight":false,"maxLines":null,"lineHeight":32,"wrapLines":true,"spacing":1,"color":[1,1,1],"opacity":1,"textureAsset":null,"spriteAsset":null,"spriteFrame":0,"pixelsPerUnit":null,"width":51.68,"height":33.792,"margin":[-25.84,353.643,-25.84,-387.435],"alignment":[0.5,0.5],"outlineColor":[0,0,0,1],"outlineThickness":0,"shadowColor":[0,0,0,1],"shadowOffset":[0,0],"rect":[0,0,1,1],"materialAsset":null,"autoWidth":true,"autoHeight":true,"useInput":false,"batchGroupId":null,"mask":false,"layers":[4]}}}},"id":652064}